City,avg_delivery_time
Urban ,22.984017363851617
NaN ,22.058333333333334
Semi-Urban ,49.73170731707317
Metropolitian ,27.315225999472034
