restaurant_id,total_orders,restaurant_name
0.00.0,2610,KFC
0,1030,Domino’s Pizza
26.91137875.789034,182,Burger King
26.91414275.805704,180,Pizza Hut
26.9029475.793007,176,Subway
26.90290875.792934,176,McDonald’s
26.89231275.806896,176,Starbucks
26.8884275.800689,174,Taco Bell
26.91372675.75282,173,Hungry Howie’s
26.90528775.794592,173,Papa John’s
